{
  "project_info": {
    "project_number": "984050834000",
    "project_id": "fir-check-567a1",
    "storage_bucket": "fir-check-567a1.appspot.com"
  },
  "client": [
    {
      "client_info": {
        "mobilesdk_app_id": "1:984050834000:android:f6f9d6a334a89f8c904f55",
        "android_client_info": {
          "package_name": "com.example.firebasecheck"
        }
      },
      "oauth_client": [
        {
          "client_id": "984050834000-avch75i8919a3ndiqfr4bim1sm1gi5lj.apps.googleusercontent.com",
          "client_type": 3
        }
      ],
      "api_key": [
        {
          "current_key": "AIzaSyAm4yRBLYXnwTV2upeDgAqQVEIAajb9KEc"
        }
      ],
      "services": {
        "appinvite_service": {
          "other_platform_oauth_client": [
            {
              "client_id": "984050834000-avch75i8919a3ndiqfr4bim1sm1gi5lj.apps.googleusercontent.com",
              "client_type": 3
            }
          ]
        }
      }
    }
  ],
  "configuration_version": "1"
}